id,name,admin,password,create_time
d7b0c7e8-f41e-4b8c-8f4b-2d7c8e6a1698,admin,True,admin,2025-01-15T14:22:18
d7b0c7e8-f41e-4b8c-8f4b-2d7c8e6a1698,user,False,user,2025-01-15T14:22:18
d5b0c7e8-f41e-4b8c-8f4b-2d7c8e6a1b3c,Michael Smith,False,a9b8c7d6e5f4g3h2,2025-01-15T14:22:18
a1b2c3d4-e5f6-7890-1234-567890abcdef,Jessica Jones,False,b3c4d5e6f7g8h9i0,2024-11-20T09:45:00
f0e9d8c7-b6a5-4321-fedc-ba9876543210,Christopher Williams,True,d7e8f9g0h1i2j3k4,2025-03-10T18:05:30
12345678-90ab-cdef-0123-456789abcdef,Emily Brown,False,k5j4i3h2g1f0e9d8,2024-09-01T07:15:45
abcdef12-3456-7890-fedc-ba9876543210,David Miller,False,h2i3j4k5l6m7n8o9,2025-07-22T21:33:10
b2c3d4e5-f6a7-b8c9-d0e1-f2a3b4c5d6e7,Sarah Davis,False,l6m7n8o9p0q1r2s3,2025-02-18T11:50:55
c3d4e5f6-a7b8-c9d0-e1f2-a3b4c5d6e7f8,James Wilson,False,p0q1r2s3t4u5v6w7,2024-12-30T03:25:00
d4e5f6a7-b8c9-d0e1-f2a3-b4c5d6e7f8a9,Linda Martinez,True,t4u5v6w7x8y9z0a1,2025-08-14T16:00:00
e5f6a7b8-c9d0-e1f2-a3b4-c5d6e7f8a9b0,Robert Anderson,False,x8y9z0a1b2c3d4e5,2025-05-05T09:00:15
f6a7b8c9-d0e1-f2a3-b4c5-d6e7f8a9b0c1,Jennifer Taylor,False,b2c3d4e5f6g7h8i9,2024-10-11T13:40:20
a7b8c9d0-e1f2-a3b4-c5d6-e7f8a9b0c1d2,Matthew Thomas,False,f6g7h8i9j0k1l2m3,2025-06-29T19:12:00
b8c9d0e1-f2a3-b4c5-d6e7-f8a9b0c1d2e3,Patricia Hernandez,False,j0k1l2m3n4o5p6q7,2025-04-16T06:55:40
c9d0e1f2-a3b4-c5d6-e7f8-a9b0c1d2e3f4,Charles Moore,False,n4o5p6q7r8s9t0u1,2025-09-03T12:20:30
d0e1f2a3-b4c5-d6e7-f8a9-b0c1d2e3f4a5,Barbara Martin,True,r8s9t0u1v2w3x4y5,2024-11-08T23:00:00
e1f2a3b4-c5d6-e7f8-a9b0-c1d2e3f4a5b6,Daniel Lee,False,v2w3x4y5z6a7b8c9,2025-01-25T15:10:05
f2a3b4c5-d6e7-f8a9-b0c1-d2e3f4a5b6c7,Mary Garcia,False,z6a7b8c9d0e1f2g3,2025-07-13T08:30:00
a3b4c5d6-e7f8-a9b0-c1d2-e3f4a5b6c7d8,Joseph Rodriguez,False,d0e1f2g3h4i5j6k7,2025-03-01T22:45:10
b4c5d6e7-f8a9-b0c1-d2e3-f4a5b6c7d8e9,Karen Lewis,False,h4i5j6k7l8m9n0o1,2024-12-05T04:18:25
c5d6e7f8-a9b0-c1d2-e3f4-a5b6c7d8e9f0,Mark Walker,True,l8m9n0o1p2q3r4s5,2025-08-20T17:35:00
d6e7f8a9-b0c1-d2e3-f4a5-b6c7d8e9f0a1,Nancy Hall,False,p2q3r4s5t6u7v8w9,2025-02-14T10:00:00
e7f8a9b0-c1d2-e3f4-a5b6-c7d8e9f0a1b2,Steven Allen,False,t6u7v8w9x0y1z2a3,2024-09-28T01:50:50
f8a9b0c1-d2e3-f4a5-b6c7-d8e9f0a1b2c3,Susan Young,False,x0y1z2a3b4c5d6e7,2025-06-09T14:29:30
a9b0c1d2-e3f4-a5b6-c7d8-e9f0a1b2c3d4,Paul King,False,b4c5d6e7f8g9h0i1,2025-04-22T05:20:00
b0c1d2e3-f4a5-b6c7-d8e9-f0a1b2c3d4e5,Donna Wright,True,f8g9h0i1j2k3l4m5,2024-10-19T20:15:00
c1d2e3f4-a5b6-c7d8-e9f0-a1b2c3d4e5f6,Kevin Scott,False,j2k3l4m5n6o7p8q9,2025-01-02T12:00:00